{
  "metadata": {},
  "sprites": {
    "cakeHalfAltLeft.png": {
      "name": "cakeHalfAltLeft.png",
      "x": 0,
      "y": 0,
      "w": 64,
      "h": 64,
      "metadata": {}
    },
    "cakeHalfAltMid.png": {
      "name": "cakeHalfAltMid.png",
      "x": 64,
      "y": 0,
      "w": 64,
      "h": 64,
      "metadata": {}
    },
    "cakeHalfAltRight.png": {
      "name": "cakeHalfAltRight.png",
      "x": 128,
      "y": 0,
      "w": 64,
      "h": 64,
      "metadata": {}
    },
    "cakeHalfLeft.png": {
      "name": "cakeHalfLeft.png",
      "x": 192,
      "y": 0,
      "w": 64,
      "h": 64,
      "metadata": {}
    },
    "cakeHalfMid.png": {
      "name": "cakeHalfMid.png",
      "x": 256,
      "y": 0,
      "w": 64,
      "h": 64,
      "metadata": {}
    },
    "cakeHalfRight.png": {
      "name": "cakeHalfRight.png",
      "x": 320,
      "y": 0,
      "w": 64,
      "h": 64,
      "metadata": {}
    },
    "slice03_03.png": {
      "name": "slice03_03.png",
      "x": 384,
      "y": 0,
      "w": 64,
      "h": 64,
      "metadata": {}
    },
    "slice05_05.png": {
      "name": "slice05_05.png",
      "x": 448,
      "y": 0,
      "w": 64,
      "h": 64,
      "metadata": {}
    },
    "slice18_18.png": {
      "name": "slice18_18.png",
      "x": 0,
      "y": 64,
      "w": 64,
      "h": 64,
      "metadata": {}
    },
    "slice19_19.png": {
      "name": "slice19_19.png",
      "x": 64,
      "y": 64,
      "w": 64,
      "h": 64,
      "metadata": {}
    },
    "slice23_23.png": {
      "name": "slice23_23.png",
      "x": 128,
      "y": 64,
      "w": 64,
      "h": 64,
      "metadata": {}
    },
    "slice24_24.png": {
      "name": "slice24_24.png",
      "x": 192,
      "y": 64,
      "w": 64,
      "h": 64,
      "metadata": {}
    },
    "slice25_25.png": {
      "name": "slice25_25.png",
      "x": 256,
      "y": 64,
      "w": 64,
      "h": 64,
      "metadata": {}
    },
    "slice26_26.png": {
      "name": "slice26_26.png",
      "x": 320,
      "y": 64,
      "w": 64,
      "h": 64,
      "metadata": {}
    },
    "slice27_27.png": {
      "name": "slice27_27.png",
      "x": 384,
      "y": 64,
      "w": 64,
      "h": 64,
      "metadata": {}
    },
    "slice28_28.png": {
      "name": "slice28_28.png",
      "x": 448,
      "y": 64,
      "w": 64,
      "h": 64,
      "metadata": {}
    },
    "slice29_29.png": {
      "name": "slice29_29.png",
      "x": 0,
      "y": 128,
      "w": 64,
      "h": 64,
      "metadata": {}
    },
    "slice30_30.png": {
      "name": "slice30_30.png",
      "x": 64,
      "y": 128,
      "w": 64,
      "h": 64,
      "metadata": {}
    },
    "slice31_31.png": {
      "name": "slice31_31.png",
      "x": 128,
      "y": 128,
      "w": 64,
      "h": 64,
      "metadata": {}
    },
    "slice37_37.png": {
      "name": "slice37_37.png",
      "x": 192,
      "y": 128,
      "w": 64,
      "h": 64,
      "metadata": {}
    },
    "slice38_38.png": {
      "name": "slice38_38.png",
      "x": 256,
      "y": 128,
      "w": 64,
      "h": 64,
      "metadata": {}
    },
    "slice39_39.png": {
      "name": "slice39_39.png",
      "x": 320,
      "y": 128,
      "w": 64,
      "h": 64,
      "metadata": {}
    },
    "slice40_40.png": {
      "name": "slice40_40.png",
      "x": 384,
      "y": 128,
      "w": 64,
      "h": 64,
      "metadata": {}
    },
    "cakeHalf.png": {
      "name": "cakeHalf.png",
      "x": 448,
      "y": 128,
      "w": 64,
      "h": 64,
      "metadata": {}
    },
    "cakeHalfAlt.png": {
      "name": "cakeHalfAlt.png",
      "x": 0,
      "y": 192,
      "w": 64,
      "h": 64,
      "metadata": {}
    }
  }
}